timestamp,open,low,high,close,volume
2019-01-01,8225,8225,8225,8225,0
2019-01-02,8200,8125,8275,8200,14014100
2019-01-03,8100,8100,8400,8375,25148400
2019-01-04,8400,8200,8450,8350,32475900
2019-01-07,8450,8150,8475,8150,32649700
2019-01-08,8150,8125,8225,8175,29130800
2019-01-09,8225,8150,8275,8200,42977800
2019-01-10,8175,7950,8200,8200,76803900
2019-01-11,8300,8225,8300,8300,32212200
2019-01-14,8225,8050,8225,8150,40449800
2019-01-15,8150,8050,8150,8150,56524700
2019-01-16,8175,8125,8250,8250,33593600
2019-01-17,8250,8200,8325,8275,38888100
2019-01-18,8300,8275,8475,8475,45180500
2019-01-21,8475,8300,8550,8325,39949600
2019-01-22,8375,8150,8375,8200,33129500
2019-01-23,8200,8175,8275,8175,26554900
2019-01-24,8225,8225,8450,8425,56764700
2019-01-25,8475,8275,8475,8425,27967500
2019-01-28,8450,8275,8450,8375,25672700
2019-01-29,8375,8275,8400,8375,34675500
2019-01-30,8275,8225,8375,8350,40835000
2019-01-31,8375,8325,8450,8450,49304900
2019-02-01,8475,8350,8500,8450,23915300
2019-02-04,8450,8175,8475,8200,27634200
2019-02-05,8200,8200,8200,8200,0
2019-02-06,8275,8225,8350,8225,28617900
2019-02-07,8225,8150,8275,8200,27500100
2019-02-08,8150,8100,8225,8150,36834100
2019-02-11,8125,8000,8150,8000,34439900
2019-02-12,8000,7650,8000,7650,84655500
2019-02-13,7700,7550,7775,7675,60065900
2019-02-14,7775,7550,7775,7600,37462300
2019-02-15,7650,7525,7650,7600,51353000
2019-02-18,7725,7700,7925,7875,39041200
2019-02-19,7800,7725,7875,7775,24292900
2019-02-20,7850,7625,7875,7775,46538800
2019-02-21,7700,7650,7725,7700,41248700
2019-02-22,7650,7575,7700,7625,32076500
2019-02-25,7625,7575,7800,7650,34983600
2019-02-26,7625,7600,7675,7600,29923400
2019-02-27,7650,7525,7650,7600,38903200
2019-02-28,7550,7150,7550,7150,119005400
2019-03-01,7250,7225,7400,7225,56265500
2019-03-04,7200,7150,7275,7150,31484700
2019-03-05,7125,7025,7375,7300,60708500
2019-03-06,7400,7275,7400,7325,35643300
2019-03-07,7325,7325,7325,7325,0
2019-03-08,7200,7150,7225,7150,86989800
2019-03-11,7300,7175,7300,7225,33829300
2019-03-12,7250,7175,7350,7175,36724200
2019-03-13,7100,7100,7150,7125,35882400
2019-03-14,7125,7125,7250,7200,29057900
2019-03-15,7200,7200,7375,7325,39356200
2019-03-18,7300,7275,7375,7325,32558100
2019-03-19,7300,7225,7325,7275,40585700
2019-03-20,7300,7225,7350,7275,30377700
2019-03-21,7300,7225,7325,7250,31066900
2019-03-22,7275,7225,7300,7225,13387300
2019-03-25,7175,7000,7175,7050,51758500
2019-03-26,7100,7075,7175,7100,23711700
2019-03-27,7175,7100,7200,7175,12546100
2019-03-28,7150,7050,7150,7100,17584700
2019-03-29,7100,7100,7300,7300,30122900
2019-04-01,7375,7275,7400,7350,13152600
2019-04-02,7325,7300,7450,7425,28647700
2019-04-03,7425,7425,7425,7425,0
2019-04-04,7500,7500,7625,7550,38598100
2019-04-05,7575,7500,7650,7650,21303800
2019-04-08,7600,7375,7625,7525,23973800
2019-04-09,7475,7475,7700,7675,31230600
2019-04-10,7725,7625,7725,7650,18506200
2019-04-11,7675,7475,7675,7525,17082800
2019-04-12,7450,7450,7575,7525,12332300
2019-04-15,7575,7475,7625,7600,30002000
2019-04-16,7550,7550,7800,7750,37600500
2019-04-17,7750,7750,7750,7750,0
2019-04-18,7925,7775,8025,7850,88459900
2019-04-19,7850,7850,7850,7850,0
2019-04-22,7850,7500,7850,7525,33999600
2019-04-23,7625,7550,7675,7650,30486900
2019-04-24,7625,7600,7675,7650,22044600
2019-04-25,7550,7400,7600,7550,34998300
2019-04-26,7475,7475,7650,7650,31531100
2019-04-29,7525,7500,7700,7600,33169300
2019-04-30,7650,7575,7675,7625,29569700
2019-05-01,7625,7625,7625,7625,0
2019-05-02,7600,7450,7675,7475,37010600
2019-05-03,7475,7400,7500,7425,30801100
2019-05-06,7350,7300,7450,7425,22291100
2019-05-07,7400,7375,7550,7525,22700800
2019-05-08,7450,7375,7475,7400,22454500
2019-05-09,7325,7125,7350,7150,42585100
2019-05-10,7200,7075,7225,7175,37086400
2019-05-13,7100,6975,7150,7025,26992400
2019-05-14,6900,6825,7050,7000,47782200
2019-05-15,7075,6875,7075,6950,30786000
2019-05-16,6900,6725,6950,6775,47245500
2019-05-17,6900,6700,6925,6700,25102800
2019-05-20,6650,6625,6925,6900,28865800
2019-05-21,6925,6925,7050,7000,35020100
2019-05-22,7000,6850,7025,7000,22967500
2019-05-23,7000,6975,7125,7100,26460200
2019-05-24,7125,7050,7200,7175,22372000
2019-05-27,7175,7100,7225,7125,20859100
2019-05-28,7200,7050,7200,7075,77066000
2019-05-29,7075,7050,7275,7200,28805600
2019-05-30,7200,7200,7200,7200,0
2019-05-31,7250,7175,7450,7450,46478800
2019-06-03,7450,7450,7450,7450,0
2019-06-04,7450,7450,7450,7450,0
2019-06-05,7450,7450,7450,7450,0
2019-06-06,7450,7450,7450,7450,0
2019-06-07,7450,7450,7450,7450,0
2019-06-10,7575,7550,7700,7675,50332200
2019-06-11,7525,7450,7675,7625,37387000
2019-06-12,7500,7450,7575,7500,27570300
2019-06-13,7450,7375,7525,7500,33860400
2019-06-14,7500,7400,7575,7425,28282900
2019-06-17,7425,7375,7450,7375,11239700
2019-06-18,7425,7400,7500,7500,17393200
2019-06-19,7425,7400,7500,7500,0
2019-06-20,7575,7500,7625,7600,26961500
2019-06-21,7625,7350,7625,7450,72597200
2019-06-24,7375,7300,7450,7350,23779400
2019-06-25,7275,7275,7400,7350,23606900
2019-06-26,7375,7225,7375,7250,20215500
2019-06-27,7250,7250,7425,7375,24916300
2019-06-28,7400,7350,7475,7450,22286100
2019-07-01,7475,7300,7500,7375,28466100
2019-07-02,7400,7250,7400,7300,30466600
2019-07-03,7275,7225,7350,7275,30525700
2019-07-04,7300,7200,7300,7250,25196500
2019-07-05,7200,7150,7250,7150,17084700
2019-07-08,7225,7175,7325,7300,20878100
2019-07-09,7325,7225,7325,7275,21689700
2019-07-10,7325,7300,7450,7450,39466400
2019-07-11,7475,7425,7525,7525,33821300
2019-07-12,7500,7400,7500,7450,31711400
2019-07-15,7500,7400,7500,7425,26628700
2019-07-16,7450,7400,7475,7450,18188000
2019-07-17,7400,7100,7400,7100,56668400
2019-07-18,7100,7075,7200,7150,22334900
2019-07-19,7175,7075,7200,7100,28008400
2019-07-22,7100,7050,7150,7100,18040600
2019-07-23,7150,7125,7200,7150,25156100
2019-07-24,7225,7175,7250,7175,25597700
2019-07-25,7225,7175,7300,7300,35643500
2019-07-26,7175,7075,7175,7075,26627900
2019-07-29,7075,7050,7175,7175,18841000
2019-07-30,7175,7175,7275,7275,30765800
2019-07-31,7150,7000,7200,7000,61515300
2019-08-01,7000,6975,7075,7025,37270900
2019-08-02,6950,6950,7100,7075,40942800
2019-08-05,6975,6900,7025,6925,44819000
2019-08-06,6800,6750,6900,6750,55429900
2019-08-07,6750,6725,6850,6725,31631500
2019-08-08,6750,6750,6950,6900,31521500
2019-08-09,6900,6775,6950,6775,22712900
2019-08-12,6850,6725,6850,6750,17186100
2019-08-13,6750,6600,6750,6675,34123600
2019-08-14,6725,6600,6750,6675,36012100
2019-08-15,6600,6500,6625,6525,36960700
2019-08-16,6575,6500,6600,6500,24416100
2019-08-19,6600,6425,6600,6425,31718800
2019-08-20,6475,6375,6500,6425,29465900
2019-08-21,6425,6350,6500,6350,21306900
2019-08-22,6375,6250,6400,6325,53070300
2019-08-23,6350,6275,6575,6575,35340800
2019-08-26,6475,6425,6650,6575,24275700
2019-08-27,6625,6500,6625,6525,79684000
2019-08-28,6525,6425,6575,6450,28499000
2019-08-29,6475,6425,6500,6425,18028100
2019-08-30,6500,6475,6750,6675,53158400
2019-09-02,6725,6550,6725,6550,18009100
2019-09-03,6600,6400,6600,6475,26812500
2019-09-04,6475,6375,6500,6500,25562700
2019-09-05,6575,6525,6700,6700,26551900
2019-09-06,6725,6650,6750,6750,21425300
2019-09-09,6750,6625,6750,6650,21619600
2019-09-10,6675,6600,6725,6675,20241600
2019-09-11,6700,6675,6925,6925,29449700
2019-09-12,6900,6750,6925,6750,18842400
2019-09-13,6850,6725,6875,6750,13398000
2019-09-16,6750,6575,6775,6700,25529200
2019-09-17,6700,6475,6725,6475,27745300
2019-09-18,6525,6500,6700,6700,24627700
2019-09-19,6725,6575,6725,6600,13478800
2019-09-20,6575,6525,6600,6575,45888900
2019-09-23,6575,6550,6625,6625,14044900
2019-09-24,6575,6450,6625,6475,29738600
2019-09-25,6400,6400,6500,6500,17781500
2019-09-26,6575,6525,6700,6700,37979500
2019-09-27,6700,6600,6700,6650,9831000
2019-09-30,6650,6575,6675,6600,21089600
2019-10-01,6550,6550,6625,6550,7452500
2019-10-02,6500,6450,6550,6450,11128500
2019-10-03,6400,6300,6500,6475,20769800
2019-10-04,6550,6400,6550,6425,10680600
2019-10-07,6400,6300,6450,6325,13250100
2019-10-08,6325,6275,6400,6350,25385900
2019-10-09,6300,6250,6350,6275,15376200
2019-10-10,6275,6250,6350,6275,12172600
2019-10-11,6275,6275,6475,6475,16181100
2019-10-14,6550,6375,6600,6425,21236100
2019-10-15,6400,6350,6425,6400,20590600
2019-10-16,6400,6300,6425,6375,32586000
2019-10-17,6350,6325,6625,6625,49979500
2019-10-18,6650,6550,6750,6700,38012800
2019-10-21,6700,6600,6750,6725,12245000
2019-10-22,6750,6550,6750,6750,32099000
2019-10-23,6700,6650,6775,6750,28015600
2019-10-24,6800,6750,6975,6950,44294700
2019-10-25,6950,6775,6975,6800,25245600
2019-10-28,6800,6775,6900,6900,12206400
2019-10-29,6875,6875,6975,6975,32681600
2019-10-30,7000,6875,7000,6950,22319800
2019-10-31,6950,6825,6975,6950,26502100
2019-11-01,6975,6725,6975,6800,17213000
2019-11-04,6800,6700,6825,6700,19339100
2019-11-05,6775,6750,6950,6900,42041800
2019-11-06,6975,6825,6975,6850,29565500
2019-11-07,6925,6650,6925,6725,29891900
2019-11-08,6700,6550,6700,6625,34878600
2019-11-11,6650,6550,6650,6650,19373700
2019-11-12,6650,6550,6800,6775,29633100
2019-11-13,6775,6675,6775,6725,20566300
2019-11-14,6675,6550,6700,6575,18695900
2019-11-15,6650,6475,6650,6525,30343300
2019-11-18,6525,6525,6600,6600,27729100
2019-11-19,6650,6575,6700,6650,18139800
2019-11-20,6600,6550,6675,6625,24083000
2019-11-21,6550,6525,6650,6600,19675100
2019-11-22,6600,6575,6650,6625,23600000
2019-11-25,6600,6475,6600,6500,24848800
2019-11-26,6575,6350,6575,6350,79166300
2019-11-27,6400,6350,6475,6425,37566700
2019-11-28,6425,6350,6425,6400,17353400
2019-11-29,6400,6375,6575,6500,33440400
2019-12-02,6500,6500,6650,6650,22114700
2019-12-03,6650,6525,6675,6525,15510600
2019-12-04,6500,6475,6575,6550,16154100
2019-12-05,6600,6550,6700,6700,26468200
2019-12-06,6675,6625,6775,6775,27395100
2019-12-09,6775,6625,6775,6675,16336900
2019-12-10,6625,6625,6750,6650,19229100
2019-12-11,6675,6550,6675,6550,22787600
2019-12-12,6575,6550,6600,6550,16626700
2019-12-13,6700,6700,6900,6850,66943600
2019-12-16,6900,6875,7025,6975,43517600
2019-12-17,6975,6875,7000,6950,29835500
2019-12-18,6875,6750,6925,6900,31614900
2019-12-19,6875,6775,6900,6850,17259400
2019-12-20,6850,6750,6925,6925,38886700
2019-12-23,7000,6775,7000,6900,23654800
2019-12-24,7000,6775,7000,6900,0
2019-12-25,7000,6775,7000,6900,0
2019-12-26,6800,6800,6950,6875,18685200
2019-12-27,6925,6850,6925,6925,13714400
2019-12-30,6925,6850,6950,6925,25494000
2019-12-31,6925,6850,6950,6925,0
2020-01-01,6925,6850,6950,6925,0
2020-01-02,6925,6775,6925,6875,15008600
2020-01-03,6925,6825,6950,6950,19068800
2020-01-06,6900,6750,6900,6750,22261900
2020-01-07,6800,6675,6825,6775,27963000
2020-01-08,6700,6700,6825,6775,15150400
2020-01-09,6800,6750,6875,6875,19691200
2020-01-10,6900,6825,6925,6825,17687600
2020-01-13,6850,6825,6925,6925,29585200
2020-01-14,6975,6925,7175,7175,41214400
2020-01-15,7150,7025,7250,7200,38535100
2020-01-16,7125,7075,7200,7125,38504400
2020-01-17,7075,7000,7150,7075,26714800
2020-01-20,7100,6975,7125,7000,22389100
2020-01-21,7025,6925,7025,7025,12520300
2020-01-22,7025,6975,7075,7000,20100300
2020-01-23,7050,7000,7100,7050,18020200
2020-01-24,7000,6975,7050,6975,13710000
2020-01-27,6975,6700,6975,6725,17470800
2020-01-28,6675,6650,6825,6825,23466100
2020-01-29,6850,6750,6850,6825,12646100
2020-01-30,6775,6625,6800,6625,25324800
2020-01-31,6650,6350,6675,6350,66460400
2020-02-03,6275,6250,6425,6275,34538400
2020-02-04,6350,6300,6450,6400,46272800
2020-02-05,6450,6300,6500,6400,32227100
2020-02-06,6500,6425,6525,6500,26015800
2020-02-07,6550,6400,6550,6400,13918700
2020-02-10,6400,6175,6400,6200,45366900
2020-02-11,6300,6050,6300,6100,54325000
2020-02-12,6075,5925,6100,5975,51100700
2020-02-13,5975,5925,6025,5950,33021700
2020-02-14,5975,5925,6100,6100,60901000
2020-02-17,6150,6050,6175,6100,16567600
2020-02-18,6050,6050,6200,6100,27960300
2020-02-19,6175,6150,6250,6250,35186100
2020-02-20,6275,6125,6275,6275,37995400
2020-02-21,6275,6150,6300,6200,33804700
2020-02-24,6050,6025,6150,6100,34190600
2020-02-25,6000,5975,6275,6225,40723200
2020-02-26,6100,6050,6150,6050,34453700
2020-02-27,6100,5950,6100,5950,44801100
2020-02-28,5850,5525,5850,5525,100693900
2020-03-02,5700,5625,5850,5700,63765800
2020-03-03,5850,5775,5975,5900,53817300
2020-03-04,5900,5875,6025,5975,43566600
2020-03-05,6025,5875,6050,6050,40537300
2020-03-06,5950,5675,5950,5675,31282500
2020-03-09,5500,5025,5500,5025,87904100
2020-03-10,5100,5100,5325,5150,86444600
2020-03-11,5150,5050,5175,5125,45134700
2020-03-12,5000,4820,5025,4910,64824200
2020-03-13,4910,4910,4910,4910,0
2020-03-16,4770,4530,4770,4590,55655900
2020-03-17,4590,4270,4600,4270,67166600
2020-03-18,4290,3980,4350,4150,61972000
2020-03-19,4020,3860,4020,3860,27066700
2020-03-20,3890,3590,3900,3780,141147800
2020-03-23,3780,3520,3780,3520,40318500
2020-03-24,3570,3280,3610,3280,89502100
2020-03-25,3570,3280,3610,3280,0
2020-03-26,3220,3220,3680,3620,180290700
2020-03-27,3650,3650,4360,4080,150312000
2020-03-30,4080,3800,4080,3800,45490800
2020-03-31,3880,3740,3980,3900,62534800
2020-04-01,3880,3650,4090,3770,78042900
2020-04-02,3670,3580,3930,3930,39717300
2020-04-03,3990,3860,4050,3900,42577100
2020-04-06,3920,3880,4040,4030,71205800
2020-04-07,4060,3960,4250,4060,79018000
2020-04-08,4000,3810,4030,3850,55980400
2020-04-09,3870,3870,4120,4090,53526100
2020-04-10,3870,3870,4120,4090,0
2020-04-13,4090,3920,4150,3960,27520900
2020-04-14,3960,3920,4030,3960,64571400
2020-04-15,4000,3800,4000,3820,86149800
2020-04-16,3780,3620,3780,3620,61494300
2020-04-17,3680,3680,3840,3800,78593000
2020-04-20,3800,3710,3830,3720,50406600
2020-04-21,3710,3610,3740,3640,36590700
2020-04-22,3600,3450,3660,3640,76750500
2020-04-23,3700,3650,3790,3760,85068700
2020-04-24,3760,3610,3760,3630,49597000
2020-04-27,3670,3570,3760,3710,45682200
2020-04-28,3750,3630,3790,3740,53532700
2020-04-29,3770,3650,3780,3690,40557200
2020-04-30,3750,3720,3860,3850,92257000
2020-05-01,3750,3720,3860,3850,0
2020-05-04,3750,3610,3750,3610,71301800
2020-05-05,3630,3580,3660,3610,54983300
2020-05-06,3610,3580,3680,3640,70425000
2020-05-07,3610,3580,3680,3640,0
2020-05-08,3690,3600,3740,3740,63346500
2020-05-11,3760,3750,3920,3920,79511800
2020-05-12,3920,3780,3920,3820,58347900
2020-05-13,3820,3710,3820,3730,44974600
2020-05-14,3700,3530,3710,3570,80570900
2020-05-15,3590,3560,3720,3710,65284900
2020-05-18,3720,3710,3950,3910,88368200
2020-05-19,4000,3940,4040,3950,77238800
2020-05-20,3950,3870,3980,3970,38965700
2020-05-21,3950,3870,3980,3970,0
2020-05-22,3950,3870,3980,3970,0
2020-05-25,3950,3870,3980,3970,0
2020-05-26,3970,3970,4360,4330,116041900
2020-05-27,4350,4220,4390,4350,68841200
2020-05-28,4370,4350,4580,4540,86825700
2020-05-29,4520,4470,4770,4770,164786500
2020-06-01,4520,4470,4770,4770,0
2020-06-02,4760,4630,4950,4730,72425900
2020-06-03,4750,4680,4950,4890,76654100
2020-06-04,4950,4740,4960,4760,82711000
2020-06-05,4780,4670,5025,5000,63578800
2020-06-08,5250,4990,5250,5025,53808200
2020-06-09,5100,4980,5125,5000,43049500
2020-06-10,5025,4650,5025,4850,39812900
2020-06-11,4840,4660,4840,4700,53920100
2020-06-12,4590,4400,4820,4790,45837700
2020-06-15,4800,4700,4850,4740,42880500
2020-06-16,4800,4800,5000,4970,38736700
2020-06-17,4990,4910,5000,4970,24744500
2020-06-18,4970,4800,4970,4800,40331900
2020-06-19,4830,4800,4910,4890,62874800
2020-06-22,4930,4850,4940,4890,25097200
2020-06-23,4890,4850,4940,4900,29490500
2020-06-24,4920,4900,5050,5000,55421700
2020-06-25,4840,4800,4920,4900,34952700
2020-06-26,4950,4900,4950,4900,24019200
2020-06-29,4900,4750,4900,4800,29368700
2020-06-30,4840,4800,4880,4800,25197000
2020-07-01,4800,4770,4860,4810,22586000
2020-07-02,4830,4810,4890,4870,26575000
2020-07-03,4880,4840,4910,4850,20400200
2020-07-06,4860,4840,4900,4840,17783800
2020-07-07,4900,4800,4910,4830,46178600
2020-07-08,4840,4770,4930,4910,45246000
2020-07-09,4930,4880,5000,4900,33377800
2020-07-10,4880,4830,4920,4830,23181700
2020-07-13,4850,4850,4910,4900,22481400
2020-07-14,4900,4880,4950,4950,22418400
2020-07-15,4990,4970,5200,5150,64249400
2020-07-16,5150,5150,5350,5250,72113500
2020-07-17,5300,5200,5300,5200,46235300
2020-07-20,5200,5025,5225,5100,24829000
2020-07-21,5100,5100,5450,5375,51878900
2020-07-22,5375,5200,5400,5300,29493500
2020-07-23,5300,5125,5325,5175,27787400
2020-07-24,5175,5000,5175,5050,32338100
2020-07-27,5075,5025,5150,5125,17645200
2020-07-28,5175,5100,5225,5175,30210400
2020-07-29,5175,5050,5225,5075,32010100
2020-07-30,5025,5000,5225,5150,32720500
2020-07-31,5025,5000,5225,5150,0
2020-08-03,5100,4860,5150,4880,66053200
2020-08-04,4900,4900,4960,4960,32307000
2020-08-05,4970,4950,5100,5050,22883900
2020-08-06,5075,5050,5225,5225,45906700
2020-08-07,5225,5100,5300,5275,35036700
2020-08-10,5275,5125,5275,5125,30588200
2020-08-11,5175,5150,5250,5225,19877700
2020-08-12,5225,5175,5400,5400,31304300
2020-08-13,5450,5375,5550,5400,36344700
2020-08-14,5400,5350,5450,5375,15337700
2020-08-17,5400,5350,5450,5375,0
2020-08-18,5325,5300,5450,5375,34974800
2020-08-19,5425,5250,5425,5300,24870200
2020-08-20,5425,5250,5425,5300,0
2020-08-21,5425,5250,5425,5300,0
2020-08-24,5300,5250,5350,5300,20000900
2020-08-25,5325,5300,5375,5300,27807900
2020-08-26,5400,5275,5400,5350,29957700
2020-08-27,5375,5250,5400,5300,27491500
2020-08-28,5300,5275,5325,5325,20347900
2020-08-31,5325,5100,5350,5100,42240600
2020-09-01,5175,5100,5250,5250,20881000
2020-09-02,5300,5200,5350,5300,19074500
2020-09-03,5350,5125,5350,5175,38323300
2020-09-04,5100,5025,5150,5050,47966200
2020-09-07,5050,4950,5075,5025,37120700
2020-09-08,5025,5025,5125,5125,22790200
2020-09-09,5025,4900,5025,4900,62626200
2020-09-10,4560,4560,4610,4560,142910700
2020-09-11,4350,4310,4700,4630,76725700
2020-09-14,4780,4700,4830,4790,57904800
2020-09-15,4850,4770,4870,4820,35809700
2020-09-16,4850,4780,4860,4780,21529200
2020-09-17,4770,4770,4880,4860,26234600
2020-09-18,4840,4760,4870,4780,46011300
2020-09-21,4790,4620,4800,4670,23388100
2020-09-22,4600,4590,4740,4670,22893300
2020-09-23,4680,4590,4730,4630,15696100
2020-09-24,4620,4560,4650,4600,24393300
2020-09-25,4610,4610,4920,4860,40064600
2020-09-28,4870,4740,4910,4740,28967600
2020-09-29,4760,4560,4800,4570,31707100
2020-09-30,4560,4450,4570,4460,40490200
2020-10-01,4490,4490,4640,4610,32822900
2020-10-02,4630,4520,4640,4590,33355000
2020-10-05,4600,4540,4630,4560,20624400
2020-10-06,4650,4600,4660,4620,23682500
2020-10-07,4590,4560,4630,4630,21814000
2020-10-08,4640,4630,4770,4750,32946600
2020-10-09,4720,4700,4760,4740,19525000
2020-10-12,4790,4700,4810,4700,23749400
2020-10-13,4700,4650,4750,4740,25032100
2020-10-14,4710,4710,4860,4820,50174100
2020-10-15,4820,4740,4820,4740,29382300
2020-10-16,4740,4700,4930,4930,37775400
2020-10-19,4930,4880,5075,5000,38057900
2020-10-20,4990,4960,5175,5175,68915600
2020-10-21,5200,5175,5250,5250,52567200
2020-10-22,5200,5200,5275,5250,75883000
2020-10-23,5300,5250,5400,5400,46040700
2020-10-26,5400,5300,5450,5400,33055000
2020-10-27,5300,5300,5500,5425,45393900
2020-10-28,5300,5300,5500,5425,0
2020-10-29,5300,5300,5500,5425,0
2020-10-30,5300,5300,5500,5425,0
2020-11-02,5325,5275,5425,5400,48772200
2020-11-03,5450,5425,5500,5500,44789800
2020-11-04,5475,5350,5500,5400,22433700
2020-11-05,5500,5425,5550,5500,25384200
2020-11-06,5525,5525,5875,5825,62036900
2020-11-09,5800,5600,5850,5600,53921900
2020-11-10,5775,5700,5850,5750,60062700
2020-11-11,5850,5850,6025,6000,56581600
2020-11-12,5875,5775,6025,6000,67819100
2020-11-13,5900,5850,5925,5900,24090900
2020-11-16,5925,5900,6000,5925,62526400
2020-11-17,5950,5800,5975,5800,28012800
2020-11-18,5825,5750,5875,5775,25384700
2020-11-19,5750,5725,5775,5725,35427800
2020-11-20,5725,5700,5825,5725,33703300
2020-11-23,5725,5725,5850,5800,40933800
2020-11-24,5875,5800,5875,5800,33117500
2020-11-25,5825,5550,5875,5550,117614100
2020-11-26,5525,5500,5675,5650,89572000
2020-11-27,5650,5525,5700,5550,98376500
2020-11-30,5550,5200,5575,5300,311402400
2020-12-01,5425,5400,5550,5550,119445500
2020-12-02,5600,5575,5750,5725,94220300
2020-12-03,5725,5600,5750,5625,54407800
2020-12-04,5625,5550,5725,5700,52405500
2020-12-07,5800,5725,5900,5850,92859500
2020-12-08,5850,5675,5875,5700,77339200
2020-12-09,5850,5675,5875,5700,0
2020-12-10,5800,5750,5875,5825,92988900
2020-12-11,5825,5650,5875,5675,53669200
2020-12-14,5725,5650,5750,5675,43821600
2020-12-15,5675,5650,5975,5950,128853200
2020-12-16,6000,6000,6200,6125,98362500
2020-12-17,6125,6050,6200,6200,76361900
2020-12-18,6250,6175,6275,6200,81878000
2020-12-21,6200,6100,6225,6150,54800500
2020-12-22,6100,5950,6250,6075,94394100
2020-12-23,6025,5825,6100,6000,73880100
2020-12-24,6025,5825,6100,6000,0
2020-12-25,6025,5825,6100,6000,0
2020-12-28,6175,5950,6175,6075,32572200
2020-12-29,6100,6000,6175,6050,40341500
2020-12-30,6100,6025,6125,6025,39615400
2020-12-31,6100,6025,6125,6025,0
2021-01-01,6100,6025,6125,6025,0
2021-01-04,6100,6025,6250,6225,34840200
2021-01-05,6225,6150,6250,6175,27318400
2021-01-06,6175,5950,6225,6150,42778200
2021-01-07,6175,6075,6200,6075,33536400
2021-01-08,6150,6100,6475,6425,88590400
2021-01-11,6500,6475,6600,6525,57622400
2021-01-12,6425,6400,6650,6525,38226200
2021-01-13,6600,6500,6800,6775,56171600
2021-01-14,6850,6775,6925,6775,48209800
2021-01-15,6800,6525,6850,6575,45722300
2021-01-18,6575,6525,6700,6675,48444700
2021-01-19,6775,6575,6775,6675,37236400
2021-01-20,6625,6625,6775,6675,27403000
2021-01-21,6800,6725,6800,6800,32219700
2021-01-22,6825,6600,6850,6700,34960500
2021-01-25,6650,6325,6650,6475,73391700
2021-01-26,6475,6300,6575,6350,39158300
2021-01-27,6350,6150,6350,6275,56444100
2021-01-28,6150,6150,6450,6275,54596400
2021-01-29,6300,5950,6375,6100,71886200
2021-02-01,5850,5750,6075,6025,57416200
2021-02-02,6150,5875,6150,5975,42421400
2021-02-03,6075,5950,6275,6150,76420800
2021-02-04,6225,6125,6225,6200,29508100
2021-02-05,6250,6050,6250,6100,34366600
2021-02-08,6200,6075,6200,6100,28817400
2021-02-09,6100,5825,6200,5825,113795000
2021-02-10,5850,5825,5975,5900,43492200
2021-02-11,5875,5825,5950,5850,37890700
2021-02-12,5875,5825,5950,5850,0
2021-02-15,6100,5950,6250,5950,178642200
2021-02-16,5975,5900,6000,5925,35796600
2021-02-17,5900,5750,5925,5800,56517500
2021-02-18,5750,5725,5875,5725,56765900
2021-02-19,5725,5725,5850,5775,42627800
2021-02-22,5825,5700,5850,5700,55230300
2021-02-23,5700,5700,5825,5725,60745000
2021-02-24,5775,5600,5850,5625,73050200
2021-02-25,5700,5475,5700,5575,123672200
2021-02-26,5450,5350,5525,5400,146271500
2021-03-01,5500,5450,5600,5600,118418900
2021-03-02,5650,5550,5675,5575,87061500
2021-03-03,5625,5525,5700,5675,49030200
2021-03-04,5675,5525,5700,5575,70766800
2021-03-05,5525,5475,5575,5500,48034400
2021-03-08,5550,5475,5625,5550,55652900
2021-03-09,5550,5400,5650,5525,66908800
2021-03-10,5500,5400,5525,5425,66154200
2021-03-11,5500,5400,5525,5425,0
2021-03-12,5550,5450,5575,5475,87065000
2021-03-15,5525,5500,5625,5525,48489500
2021-03-16,5600,5550,5725,5550,64804400
2021-03-17,5625,5550,5650,5575,61881600
2021-03-18,5675,5625,5800,5725,90338700
2021-03-19,5725,5625,5775,5775,80429800
2021-03-22,5750,5550,5775,5575,57320300
2021-03-23,5550,5550,5675,5575,46973100
2021-03-24,5575,5450,5600,5450,40065300
2021-03-25,5450,5400,5525,5450,49497900
2021-03-26,5525,5475,5600,5600,24880300
2021-03-29,5600,5525,5650,5525,25164100
2021-03-30,5475,5400,5550,5400,55842300
2021-03-31,5450,5225,5450,5275,89835200
2021-04-01,5350,5325,5400,5350,33323600
2021-04-02,5350,5325,5400,5350,0
2021-04-05,5425,5350,5450,5350,29142200
2021-04-06,5375,5300,5400,5350,26040800
2021-04-07,5300,5275,5350,5325,33361900
2021-04-08,5375,5300,5375,5300,43680100
2021-04-09,5300,5275,5400,5275,59348800
2021-04-12,5250,5050,5275,5075,68211200
2021-04-13,5025,5025,5175,5075,53505400
2021-04-14,5150,5100,5275,5250,39277800
2021-04-15,5250,5175,5275,5250,34533700
2021-04-16,5300,5200,5325,5250,38151200
2021-04-19,5225,5200,5250,5200,30832600
2021-04-20,5150,5150,5300,5300,46601200
2021-04-21,5225,5200,5275,5225,47261000
2021-04-22,5225,5225,5500,5450,86785100
2021-04-23,5500,5475,5650,5625,95175600
2021-04-26,5625,5600,5675,5625,65428000
2021-04-27,5625,5475,5650,5525,41552600
2021-04-28,5400,5325,5575,5350,72011700
2021-04-29,5350,5350,5475,5425,43203100
2021-04-30,5450,5375,5550,5500,56668600
2021-05-03,5450,5400,5500,5425,29451000
2021-05-04,5500,5425,5575,5500,39860400
2021-05-05,5525,5475,5600,5525,27270000
2021-05-06,5600,5400,5600,5425,34361400
2021-05-07,5450,5275,5475,5325,30771700
2021-05-10,5350,5350,5425,5375,25429700
2021-05-11,5400,5175,5425,5225,49162600
2021-05-12,5400,5175,5425,5225,0
2021-05-13,5400,5175,5425,5225,0
2021-05-14,5400,5175,5425,5225,0
2021-05-17,5300,5125,5325,5175,47623100
2021-05-18,5150,5100,5200,5150,45784300
2021-05-19,5100,5025,5125,5050,47008800
2021-05-20,5050,5025,5200,5175,49746900
2021-05-21,5175,5050,5225,5050,43416900
2021-05-24,5100,5025,5150,5100,33540000
2021-05-25,5100,5050,5150,5075,45393500
2021-05-26,5100,5050,5150,5075,0
2021-05-27,5100,5075,5225,5150,99709500
2021-05-28,5175,5125,5225,5150,24346700
2021-05-31,5175,5150,5300,5250,41498000
2021-06-01,5175,5150,5300,5250,0
2021-06-02,5350,5275,5350,5325,43217400
2021-06-03,5350,5275,5350,5350,49012700
2021-06-04,5325,5200,5350,5225,35211100
2021-06-07,5225,5200,5300,5250,31693200
2021-06-08,5300,5200,5325,5275,35402300
2021-06-09,5275,5225,5350,5325,24331300
2021-06-10,5400,5325,5425,5400,42924200
2021-06-11,5400,5250,5425,5275,44421700
2021-06-14,5350,5150,5350,5175,40699500
2021-06-15,5175,5125,5200,5150,35915800
2021-06-16,5200,5125,5200,5150,29144900
2021-06-17,5125,5075,5150,5100,38074600
2021-06-18,5075,4900,5125,5000,112157600
2021-06-21,4920,4760,4970,4920,48183300
2021-06-22,4920,4900,5025,4920,47156200
2021-06-23,4980,4920,5025,4930,46351900
2021-06-24,4930,4910,4980,4940,24665200
2021-06-25,4940,4910,4980,4920,33125300
2021-06-28,4920,4710,4930,4710,53083400
2021-06-29,4730,4710,4920,4840,70425700
2021-06-30,4830,4820,5000,4940,34641700
2021-07-01,4990,4950,5100,5025,42856900
2021-07-02,5025,4980,5075,5000,22436900
2021-07-05,5050,4920,5075,4940,27554100
2021-07-06,4970,4890,4970,4900,31280100
2021-07-07,4900,4860,4990,4900,35907800
2021-07-08,4930,4850,4960,4880,40566600
2021-07-09,4880,4870,4920,4910,21088500
2021-07-12,4910,4880,4950,4920,26816600
2021-07-13,4950,4850,4960,4900,28998600
2021-07-14,4920,4730,4920,4730,43408700
2021-07-15,4730,4640,4840,4810,50750700
2021-07-16,4840,4820,4910,4880,32544000
2021-07-19,4850,4780,4870,4780,25106100
2021-07-20,4850,4780,4870,4780,0
2021-07-21,4780,4780,4930,4870,41716000
2021-07-22,4930,4900,5025,4980,36287300
2021-07-23,5000,4910,5000,4950,26847700
2021-07-26,4950,4770,4970,4770,43373400
2021-07-27,4770,4730,4830,4760,42635500
2021-07-28,4780,4710,4790,4710,24083000
2021-07-29,4720,4650,4740,4650,50238500
2021-07-30,4710,4670,4840,4720,65379500
2021-08-02,4730,4730,4820,4820,39192600
2021-08-03,4840,4830,4970,4940,46414100
2021-08-04,4970,4870,4970,4900,25646900
2021-08-05,4900,4860,4930,4890,31304900
2021-08-06,4940,4880,4980,4940,45454600
2021-08-09,4940,4830,4950,4860,31858700
2021-08-10,4900,4840,4930,4910,41920300
2021-08-11,4900,4840,4930,4910,0
2021-08-12,4940,4880,4960,4940,22191700
2021-08-13,4960,4960,5075,5025,62673300
2021-08-16,5050,4990,5075,5075,46949700
2021-08-17,5050,4990,5075,5075,0
2021-08-18,5100,5075,5300,5225,102560600
2021-08-19,5225,5075,5275,5150,53594900
2021-08-20,5150,5000,5150,5100,32878200
2021-08-23,5100,5050,5150,5100,30921500
2021-08-24,5175,5050,5175,5075,32783500
2021-08-25,5150,5075,5200,5150,26870400
2021-08-26,5200,5050,5200,5100,28757400
2021-08-27,5100,5050,5100,5050,26966100
2021-08-30,5100,5100,5275,5275,51914600
2021-08-31,5275,5200,5300,5225,45649200
2021-09-01,5225,5100,5275,5175,26732500
2021-09-02,5200,5175,5250,5250,17335000
2021-09-03,5250,5200,5350,5350,28004500
2021-09-06,5375,5325,5450,5425,28315200
2021-09-07,5425,5300,5450,5350,23685800
2021-09-08,5375,5250,5375,5250,44076000
2021-09-09,5250,5250,5450,5450,49118000
2021-09-10,5450,5375,5475,5425,31997100
2021-09-13,5425,5350,5500,5450,29796400
2021-09-14,5500,5450,5550,5525,34356900
2021-09-15,5525,5375,5550,5400,61522300
2021-09-16,5425,5350,5475,5375,27187700
2021-09-17,5375,5275,5425,5425,44004000
2021-09-20,5425,5225,5425,5300,46896100
2021-09-21,5275,5150,5275,5225,23656300
2021-09-22,5225,5200,5350,5275,21750800
2021-09-23,5275,5150,5325,5150,27178400
2021-09-24,5150,5125,5225,5150,29394300
2021-09-27,5150,5125,5225,5175,25252300
2021-09-28,5175,5075,5200,5075,35640900
2021-09-29,5075,5050,5350,5325,42995900
2021-09-30,5375,5300,5500,5500,44723000
2021-10-01,5450,5400,5500,5450,27484100
2021-10-04,5500,5475,5625,5575,52074900
2021-10-05,5575,5500,5650,5550,27128000
2021-10-06,5600,5575,6100,5975,168237500
2021-10-07,5975,5700,6000,5700,97516000
2021-10-08,5700,5625,5975,5900,91094200
2021-10-11,5925,5775,5950,5775,38994500
2021-10-12,5800,5775,5950,5875,68823100
2021-10-13,5950,5925,6300,6275,143652900
2021-10-14,6300,6125,6450,6225,104502800
2021-10-15,6275,6125,6300,6250,82896700
2021-10-18,6275,6200,6350,6225,61419000
2021-10-19,6275,6200,6375,6350,52117000
2021-10-20,6275,6200,6375,6350,0
2021-10-21,6350,6125,6350,6150,132905200
2021-10-22,6150,6125,6225,6175,26886400
2021-10-25,6200,6025,6225,6050,51872000
2021-10-26,6050,6050,6175,6150,25950500
2021-10-27,6100,6000,6125,6000,40588700
2021-10-28,6000,5950,6175,6000,50046900
2021-10-29,6225,6025,6250,6025,82397400
2021-11-01,6050,6025,6150,6025,37254100
2021-11-02,6025,5900,6100,5900,25293400
2021-11-03,5900,5825,6025,5975,90495000
2021-11-04,6075,5950,6075,5975,41774200
2021-11-05,5900,5850,5975,5925,80775400
2021-11-08,5925,5900,6000,5925,23177300
2021-11-09,5900,5850,5950,5850,41112200
2021-11-10,5925,5875,6250,6175,104312600
2021-11-11,6200,6150,6250,6175,51111700
2021-11-12,6200,6075,6225,6150,26920800
2021-11-15,6150,6050,6175,6125,22148900
2021-11-16,6125,6100,6250,6175,42681000
2021-11-17,6225,6175,6250,6250,49120900
2021-11-18,6250,6175,6250,6200,29629900
2021-11-19,6225,6200,6250,6225,37505200
2021-11-22,6250,6125,6375,6200,62612600
2021-11-23,6250,6175,6300,6250,31557400
2021-11-24,6275,6200,6275,6225,25645300
2021-11-25,6250,6175,6300,6225,32763500
2021-11-26,6200,5875,6225,5900,93634100
2021-11-29,5900,5750,6000,5975,87367400
2021-11-30,5950,5750,5975,5775,97592700
2021-12-01,5825,5625,5850,5650,102412800
2021-12-02,5650,5600,5875,5850,48422300
2021-12-03,5900,5725,5925,5750,31882900
2021-12-06,5750,5650,5800,5650,53112400
2021-12-07,5700,5700,5925,5925,39679500
2021-12-08,5925,5775,5950,5800,44189500
2021-12-09,5900,5800,6000,6000,35386900
2021-12-10,5950,5800,5950,5925,55629400
2021-12-13,5925,5875,5975,5900,30655800
2021-12-14,5925,5850,5925,5875,17233700
2021-12-15,5900,5875,6050,6000,51113700
2021-12-16,6025,5800,6050,5800,56929600
2021-12-17,5800,5725,5825,5800,55854900
2021-12-20,5750,5675,5775,5675,26290000
2021-12-21,5675,5650,5750,5650,29127800
2021-12-22,5700,5625,5775,5625,33727100
2021-12-23,5650,5625,5750,5725,21744100
2021-12-24,5725,5650,5750,5675,16203800
2021-12-27,5725,5650,5750,5675,20426700
2021-12-28,5675,5650,5750,5725,21833300
2021-12-29,5750,5675,5775,5750,14260000
2021-12-30,5775,5700,5775,5700,17144000
2021-12-31,5775,5700,5775,5700,0
2022-01-03,5675,5625,5750,5725,27052300
2022-01-04,5750,5725,5875,5775,29770700
2022-01-05,5725,5550,5775,5575,50423900
2022-01-06,5600,5575,5675,5675,32155800
2022-01-07,5725,5650,5750,5700,25014800
2022-01-10,5675,5650,5725,5650,15379400
2022-01-11,5700,5650,5700,5700,21800300
2022-01-12,5725,5650,5725,5725,21283700
2022-01-13,5725,5675,5775,5775,18618100
2022-01-14,5775,5700,5800,5725,17719100
2022-01-17,5775,5650,5775,5675,15859100
2022-01-18,5675,5575,5725,5650,28165300
2022-01-19,5650,5575,5675,5600,38051800
2022-01-20,5600,5500,5625,5525,46564600
2022-01-21,5525,5500,5625,5600,40709600
2022-01-24,5600,5525,5625,5525,27127800
2022-01-25,5500,5375,5500,5450,56709200
2022-01-26,5500,5425,5500,5450,27985700
2022-01-27,5425,5400,5525,5475,34574800
2022-01-28,5475,5450,5525,5475,27378500
2022-01-31,5475,5450,5550,5475,32006300
2022-02-01,5475,5450,5550,5475,0
2022-02-02,5500,5425,5525,5500,33450400
2022-02-03,5500,5450,5550,5500,38565600
2022-02-04,5525,5475,5525,5500,16052500
2022-02-07,5500,5450,5525,5475,46685400
2022-02-08,5525,5500,5700,5550,95691000
2022-02-09,5550,5475,5650,5550,80244900
2022-02-10,5575,5450,5625,5450,93265400
2022-02-11,5450,5400,5475,5450,36376700
2022-02-14,5400,5250,5425,5300,74307400
2022-02-15,5300,5300,5525,5500,77964800
2022-02-16,5550,5475,5600,5475,46730000
2022-02-17,5500,5425,5525,5475,47572000
2022-02-18,5450,5425,5625,5600,53981400
2022-02-21,5625,5550,5650,5575,27509200
2022-02-22,5525,5450,5575,5575,49233600
2022-02-23,5575,5525,5650,5650,44299100
2022-02-24,5625,5525,5775,5700,76492000
2022-02-25,5700,5650,5800,5800,97598000
2022-02-28,5700,5650,5800,5800,0
2022-03-01,5800,5700,5950,5700,101227600
2022-03-02,5650,5500,5700,5525,80565600
2022-03-03,5650,5500,5700,5525,0
2022-03-04,5575,5525,5675,5625,50348400
2022-03-07,5600,5550,5825,5800,59978000
2022-03-08,6000,5975,6550,6250,256655000
2022-03-09,6500,6225,6500,6300,107853200
2022-03-10,6300,6150,6300,6250,56584100
2022-03-11,6175,6125,6300,6275,32940500
2022-03-14,6350,6300,6425,6375,61811900
2022-03-15,6425,6275,6450,6300,57193600
2022-03-16,6325,6300,6400,6400,55776300
2022-03-17,6400,6350,6475,6425,53844700
2022-03-18,6450,6325,6450,6400,69493500
2022-03-21,6450,6450,6600,6600,72452300
2022-03-22,6600,6500,6600,6575,39260600
2022-03-23,6575,6450,6575,6475,27348900
2022-03-24,6425,6425,6575,6575,37635100
2022-03-25,6550,6375,6575,6400,42984300
2022-03-28,6400,6400,6775,6700,68545500
2022-03-29,6600,6550,6700,6550,24901500
2022-03-30,6550,6500,6650,6650,34320500
2022-03-31,6675,6575,6675,6575,41346500
2022-04-01,6775,6625,6775,6700,35365600
2022-04-04,6775,6675,6825,6825,29374100
2022-04-05,6825,6725,6900,6900,28581200
2022-04-06,6825,6800,7000,7000,48854700
2022-04-07,6950,6850,7000,6900,41492600
2022-04-08,7000,6900,7075,7000,55006300
2022-04-11,6975,6750,7000,6850,51481700
2022-04-12,6875,6825,6950,6950,41879800
2022-04-13,6950,6875,7000,6975,52818100
2022-04-14,6975,6875,7050,6875,23891600
2022-04-15,6975,6875,7050,6875,0
2022-04-18,6900,6900,7050,7000,32962100
2022-04-19,7050,6800,7050,6900,29237600
2022-04-20,6900,6825,6975,6900,39881900
2022-04-21,6925,6900,7100,7000,51438900
2022-04-22,6975,6875,7100,7050,39795300
2022-04-25,7050,6875,7150,7075,52305700
2022-04-26,7100,7000,7200,7200,39223700
2022-04-27,7175,7050,7200,7125,34988500
2022-04-28,7250,7225,7700,7575,118152200
2022-04-29,7250,7225,7700,7575,0
2022-05-02,7250,7225,7700,7575,0
2022-05-03,7250,7225,7700,7575,0
2022-05-04,7250,7225,7700,7575,0
2022-05-05,7250,7225,7700,7575,0
2022-05-06,7250,7225,7700,7575,0
2022-05-09,7425,7050,7425,7050,81089600
2022-05-10,6650,6625,7000,7000,118477400
2022-05-11,7025,6900,7225,6900,71287600
2022-05-12,6900,6725,7025,6850,45587500
2022-05-13,6900,6850,7225,7125,73260300
2022-05-16,6900,6850,7225,7125,0
2022-05-17,7250,7000,7300,7000,40279200
2022-05-18,6975,6925,7200,7100,44859900
2022-05-19,6925,6850,7125,7000,27558300
2022-05-20,7050,7050,7200,7125,37674800
2022-05-23,7125,6825,7175,6950,46368600
2022-05-24,7025,7025,7200,7150,52177200
2022-05-25,7100,7050,7175,7100,51200500
2022-05-26,7100,7050,7175,7100,0
2022-05-27,7200,7150,7300,7225,34766600
2022-05-30,7275,7125,7275,7250,37147800
2022-05-31,7250,7250,7475,7350,90800300
2022-06-01,7250,7250,7475,7350,0
2022-06-02,7300,7250,7500,7325,72733400
2022-06-03,7350,7300,7475,7300,43947400
2022-06-06,7200,7075,7250,7225,53388400
2022-06-07,7300,7200,7400,7200,54814500
2022-06-08,7150,7150,7350,7175,33478600
2022-06-09,7150,7150,7350,7200,37787500
2022-06-10,7100,6925,7175,6925,57621000
2022-06-13,6900,6725,7100,7025,59781700
2022-06-14,6875,6875,7000,6975,38001800
2022-06-15,6975,6700,6975,6700,50804600
2022-06-16,6850,6750,6950,6850,74982600
2022-06-17,6675,6675,6950,6950,63931400
2022-06-20,6950,6750,6975,6925,44263700
2022-06-21,6900,6850,6975,6850,31247000
2022-06-22,6850,6775,6925,6800,35536800
2022-06-23,6850,6750,6875,6875,30137200
2022-06-24,6900,6650,6900,6675,42386000
2022-06-27,6700,6550,6750,6650,48277300
2022-06-28,6650,6600,6700,6700,36838200
2022-06-29,6625,6500,6700,6500,46682700
2022-06-30,6525,6500,6650,6625,52839200
2022-07-01,6675,6500,6675,6525,52387100
2022-07-04,6500,6300,6575,6500,43087400
2022-07-05,6500,6325,6525,6325,39700000
2022-07-06,6300,6050,6400,6075,67773900
2022-07-07,6025,5900,6125,5950,62871600
2022-07-08,6025,5950,6075,5975,78131700
2022-07-11,5975,5925,6075,6050,49946600
2022-07-12,6050,6050,6150,6100,22900800
2022-07-13,6100,5825,6100,5825,56747900
2022-07-14,5825,5825,6100,6100,59847700
2022-07-15,6000,5925,6075,5950,32403800
2022-07-18,5975,5950,6025,6025,27618400
2022-07-19,6025,6025,6150,6075,50725600
2022-07-20,6175,6100,6275,6275,70493600
2022-07-21,6200,6050,6250,6175,55415500
2022-07-22,6175,6050,6175,6075,37583800
2022-07-25,6050,6050,6150,6075,24674200
2022-07-26,6100,6075,6125,6100,21937400
2022-07-27,6125,6000,6125,6100,35066000
2022-07-28,6125,6025,6150,6050,51909300
2022-07-29,6150,6125,6425,6325,150285200
2022-08-01,6425,6350,6550,6475,55511700
2022-08-02,6475,6275,6475,6475,53235100
2022-08-03,6450,6375,6600,6600,40666300
2022-08-04,6700,6450,6700,6600,66966300
2022-08-05,6600,6475,6650,6625,46702100
2022-08-08,6625,6525,6700,6700,32971000
2022-08-09,6725,6700,6825,6750,61001700
2022-08-10,6775,6600,6850,6850,37086500
2022-08-11,6975,6900,7000,6950,42007400
2022-08-12,6950,6850,7000,6950,58469000
2022-08-15,6925,6800,6950,6875,35283300
2022-08-16,6875,6875,7050,6975,61907800
2022-08-17,6875,6875,7050,6975,0
2022-08-18,6975,6850,7000,6975,25190000
2022-08-19,6975,6900,7000,6975,32914500
2022-08-22,6875,6800,6925,6925,48266600
2022-08-23,6900,6850,7025,6975,56381000
2022-08-24,6925,6900,7050,7050,30605000
2022-08-25,7050,6950,7050,6975,22793800
2022-08-26,6975,6850,7025,6875,31120500
2022-08-29,6800,6750,6900,6825,29722100
2022-08-30,6850,6850,7025,6900,45566100
2022-08-31,6875,6775,6975,6975,55714900
2022-09-01,6975,6900,7025,6925,36691900
2022-09-02,6950,6875,7000,6925,26077700
2022-09-05,6900,6850,6925,6875,24953800
2022-09-06,6875,6850,6950,6900,18626800
2022-09-07,6800,6625,6875,6650,77218400
2022-09-08,6650,6625,6750,6650,39405200
2022-09-09,6675,6625,6775,6775,31904200
2022-09-12,6775,6725,6975,6975,51563200
2022-09-13,7025,6950,7225,7200,70555900
2022-09-14,7100,7050,7300,7150,56832100
2022-09-15,7125,7050,7225,7050,63346200
2022-09-16,7000,6900,7050,6900,65885100
2022-09-19,6950,6925,7225,7125,52232700
2022-09-20,7150,7100,7250,7175,47337700
2022-09-21,7125,7100,7200,7150,26007500
2022-09-22,7025,7000,7225,7175,26295200
2022-09-23,7100,7050,7175,7150,22258800
2022-09-26,7000,6850,7025,6975,61422800
2022-09-27,7000,6950,7050,6950,42809400
2022-09-28,6950,6800,7000,6800,50825400
2022-09-29,6850,6700,6900,6775,36653400
2022-09-30,6700,6600,6750,6625,71017400
2022-10-03,6650,6600,6700,6625,27280600
2022-10-04,6725,6700,6800,6725,33322400
2022-10-05,6800,6675,6825,6675,31019300
2022-10-06,6675,6600,6750,6600,37002600
2022-10-07,6550,6450,6575,6475,54850200
2022-10-10,6425,6375,6525,6500,34319700
2022-10-11,6400,6400,6575,6525,35320000
2022-10-12,6450,6350,6475,6350,72794100
2022-10-13,6375,6275,6400,6350,44281200
2022-10-14,6500,6350,6500,6350,45496900
2022-10-17,6325,6200,6525,6425,50710300
2022-10-18,6450,6350,6500,6350,42600400
2022-10-19,6425,6400,6525,6525,25542800
2022-10-20,6500,6400,6525,6425,32226200
2022-10-21,6475,6450,6675,6575,52148500
2022-10-24,6575,6575,6700,6650,37202900
2022-10-25,6700,6600,6700,6700,37836000
2022-10-26,6700,6575,6700,6575,36289700
2022-10-27,6575,6525,6675,6650,30429800
2022-10-28,6650,6500,6650,6550,28492900
2022-10-31,6550,6550,6650,6650,45774000
2022-11-01,6650,6475,6675,6575,59240700
2022-11-02,6525,6375,6550,6425,59695600
2022-11-03,6375,6350,6425,6375,29905800
2022-11-04,6350,6350,6425,6425,60465200
2022-11-07,6550,6450,6550,6525,0
2022-11-08,6550,6450,6550,6525,0
2022-11-09,6550,6450,6550,6525,0
2022-11-10,6550,6450,6550,6525,33770400
2022-11-11,6600,6450,6625,6450,50938200
2022-11-14,6450,6300,6475,6300,46011200
2022-11-15,6300,6200,6350,6225,65536000
2022-11-16,6175,6100,6200,6175,60298900
2022-11-17,6200,6050,6300,6300,35165100
2022-11-18,6275,6200,6300,6225,29304900
2022-11-21,6275,6250,6350,6325,19074900
2022-11-22,6325,6225,6350,6225,33102700
2022-11-23,6275,6200,6300,6200,30863200
2022-11-24,6200,6200,6275,6200,21534300
2022-11-25,6175,6125,6200,6175,40948100
2022-11-28,6175,6150,6275,6225,37901700
2022-11-29,6125,6025,6150,6050,121505900
2022-11-30,6050,6025,6200,6050,191276100
2022-12-01,6050,6025,6200,6050,0
2022-12-02,6175,6050,6175,6125,51852900
2022-12-05,6075,6000,6100,6025,64357800
2022-12-06,6000,5800,6025,5875,69873000
2022-12-07,5800,5700,5900,5725,116677600
2022-12-08,5650,5550,5800,5675,161238600
2022-12-09,5700,5650,5750,5675,55355700
2022-12-12,5675,5625,5725,5675,92687900
2022-12-13,5700,5675,5900,5825,113893000
2022-12-14,5925,5775,5950,5825,78775300
2022-12-15,5825,5750,5850,5800,61581800
2022-12-16,5775,5700,5800,5775,95271600
2022-12-19,5850,5650,5850,5700,57531200
2022-12-20,5675,5675,5750,5700,25876100
2022-12-21,5700,5650,5725,5700,34940600
2022-12-22,5700,5675,5775,5775,32103400
2022-12-23,5750,5650,5775,5675,31969000
2022-12-26,5675,5625,5725,5650,13540500
2022-12-27,5700,5650,5750,5675,13680300
2022-12-28,5725,5575,5725,5625,29919100
2022-12-29,5600,5550,5675,5650,32241500
2022-12-30,5675,5650,5750,5700,36384500
2023-01-02,5725,5625,5725,5700,12068800
2023-01-03,5675,5625,5700,5650,22854400
2023-01-04,5650,5625,5700,5675,32578900
2023-01-05,5650,5375,5700,5375,106047000
2023-01-06,5400,5350,5525,5450,59754600
2023-01-09,5500,5275,5500,5350,63478600
2023-01-10,5375,5275,5375,5325,54318300
2023-01-11,5325,5200,5350,5225,64233300
2023-01-12,5200,5200,5375,5350,58566700
2023-01-13,5375,5300,5500,5450,52061200
2023-01-16,5525,5475,5600,5600,43513600
2023-01-17,5600,5500,5650,5550,66999600
2023-01-18,5550,5550,5650,5650,28126900
2023-01-19,5650,5650,5875,5850,88542700
2023-01-20,5875,5775,5900,5900,49292700
2023-01-24,5900,5850,5950,5925,25154300
2023-01-25,5900,5850,5950,5950,15295500
2023-01-26,5925,5850,5950,5900,40169400
2023-01-27,5925,5875,5950,5875,26364900
2023-01-30,5875,5775,5900,5875,46665200
2023-01-31,5925,5900,6025,6000,74753500
2023-02-01,6000,5925,6000,6000,35361100
2023-02-02,5950,5875,5975,5925,24343700
2023-02-03,5975,5875,5975,5875,24683400
2023-02-06,5875,5825,5900,5850,31129700
2023-02-07,5825,5825,5925,5875,29536700
2023-02-08,5875,5775,5900,5800,27237100
2023-02-09,5825,5675,5850,5675,38967800
2023-02-10,5600,5550,5700,5700,71158200
2023-02-13,5700,5675,5750,5725,19770900
2023-02-14,5750,5700,5800,5725,26983600
2023-02-15,5725,5575,5725,5675,44340200
2023-02-16,5700,5625,5700,5700,19017900
2023-02-17,5700,5625,5725,5675,26847100
2023-02-20,5675,5575,5700,5600,30860700
2023-02-21,5600,5550,5650,5575,26985200
2023-02-22,5550,5550,5650,5625,30696900
2023-02-23,5650,5575,5700,5650,33440100
2023-02-24,5675,5650,5800,5750,34562600
2023-02-27,5725,5700,5800,5800,24928700
2023-02-28,6200,6100,6275,6100,154669700
2023-03-01,6100,6050,6175,6150,49851200
2023-03-02,6150,6075,6175,6150,27120800
2023-03-03,6150,6025,6150,6050,32818500
2023-03-06,6100,6050,6125,6075,22188200
2023-03-07,6050,5900,6075,5950,38123700
2023-03-08,5900,5875,5975,5925,35043900
2023-03-09,5975,5950,6050,6025,23104400
2023-03-10,5975,5900,6000,5975,33341200
2023-03-13,5900,5850,5975,5925,28402600
2023-03-14,5900,5750,5925,5775,57213300
2023-03-15,5850,5775,5875,5775,33265000
2023-03-16,5775,5675,5875,5850,30239800
2023-03-17,5875,5850,5925,5850,51325300
2023-03-20,5850,5800,5900,5875,22162600
2023-03-21,5850,5850,5975,5875,35447800
2023-03-24,5925,5900,6000,5950,76196000
2023-03-27,5950,5875,5975,5875,32496200
2023-03-28,5900,5850,5925,5850,36099100
2023-03-29,5850,5850,6050,5950,69662500
2023-03-30,5975,5900,5975,5900,40186400
2023-03-31,5950,5925,6025,6000,40645500
2023-04-03,6050,5975,6100,6000,40228600
2023-04-04,6025,5950,6050,6025,28888300
2023-04-05,6025,5975,6050,6000,27556900
2023-04-06,6000,5925,6000,5925,33368000
2023-04-10,5950,5875,5975,5975,34686500
2023-04-11,5950,5925,6100,6075,37702800
2023-04-12,6150,6125,6300,6250,115098200
2023-04-13,6225,6175,6275,6250,47251000
2023-04-14,6275,6200,6300,6200,38512100
2023-04-17,6200,6200,6275,6225,33966100
2023-04-18,6275,6275,6475,6425,102288700
2023-04-26,6625,6500,6700,6700,182919200
2023-04-27,6675,6625,6725,6700,60240600
2023-04-28,6700,6675,6750,6750,64976400
2023-05-02,6775,6600,6775,6675,74812300
2023-05-03,6700,6550,6725,6625,92188300
2023-05-04,6600,6550,6625,6600,113075500
2023-05-05,6150,6150,6150,6150,73799100
2023-05-08,6150,6050,6175,6125,95087500
2023-05-09,6125,6075,6325,6325,96944200
2023-05-10,6350,6300,6425,6325,52408500
2023-05-11,6350,6175,6350,6250,39670800
2023-05-12,6225,6175,6275,6225,57832300
2023-05-15,6275,6175,6350,6350,35443800
2023-05-16,6350,6250,6400,6275,21765600
2023-05-17,6350,6275,6350,6325,29481800
2023-05-19,6400,6350,6550,6475,68296600
2023-05-22,6525,6425,6650,6600,63796300
2023-05-23,6600,6550,6650,6600,38956500
2023-05-24,6575,6500,6675,6675,48542600
2023-05-25,6700,6525,6700,6600,38012400
2023-05-26,6600,6525,6600,6600,25356200
2023-05-29,6625,6475,6625,6600,27939400
2023-05-30,6575,6500,6600,6500,27796100
2023-05-31,6500,6450,6600,6450,97414300
2023-06-05,6525,6500,7000,6825,200252000
2023-06-06,6800,6750,6925,6800,65289000
2023-06-07,6800,6675,6850,6800,70088800
2023-06-08,6725,6700,6775,6775,32704900
2023-06-09,6750,6700,6800,6800,24894700
2023-06-12,6800,6675,6800,6775,37558000
2023-06-13,6775,6750,6825,6750,23911800
2023-06-14,6750,6750,6900,6900,34146100
2023-06-15,6900,6825,6900,6875,16414000
2023-06-16,6850,6775,6875,6850,63892800
2023-06-19,6800,6775,6875,6875,12514200
2023-06-20,6825,6775,6850,6800,24394300
2023-06-21,6775,6750,6975,6925,37659000
2023-06-22,6875,6775,6900,6775,51199300
2023-06-23,6775,6700,6825,6775,32156800
2023-06-26,6800,6775,6900,6800,31726400
2023-06-27,6800,6775,6850,6775,36424700
2023-07-03,6775,6750,6825,6825,37349100
2023-07-04,6825,6700,6825,6775,20047800
2023-07-05,6775,6700,6775,6775,34751800
2023-07-06,6775,6750,6800,6800,35473800
2023-07-07,6775,6750,6825,6825,28755500
2023-07-10,6825,6775,6825,6775,15301300
2023-07-11,6775,6750,6800,6800,32949200
2023-07-12,6775,6750,6825,6775,29210200
2023-07-13,6775,6750,6825,6800,31298400
2023-07-14,6775,6700,6825,6750,56060600
2023-07-17,6750,6675,6775,6675,41698600
2023-07-18,6675,6475,6700,6575,78113700
2023-07-20,6575,6450,6575,6525,64069100
2023-07-21,6500,6375,6525,6450,64037700
2023-07-24,6400,6400,6600,6550,40830500
2023-07-25,6600,6500,6625,6500,23958900
2023-07-26,6575,6500,6625,6600,38599800
2023-07-27,6600,6500,6600,6525,27816700
2023-07-28,6500,6475,6625,6625,28288300
2023-07-31,6750,6725,6950,6850,87828900
2023-08-01,6875,6800,6900,6875,29425300
2023-08-02,6825,6775,6850,6850,29463700
2023-08-03,6800,6775,6900,6825,29272000
2023-08-04,6825,6750,6850,6800,16646300
2023-08-07,6825,6750,6900,6875,32608000
2023-08-08,6850,6825,6900,6850,24128300
2023-08-09,6850,6825,6875,6875,13781700
2023-08-10,6850,6750,6875,6750,32078100
2023-08-11,6750,6650,6775,6750,42320900
2023-08-14,6700,6700,6800,6800,27616200
2023-08-15,6725,6675,6775,6725,32385400
2023-08-16,6675,6650,6750,6750,40500400
2023-08-18,6675,6500,6700,6525,69001300
2023-08-21,6525,6425,6550,6475,34702500
2023-08-22,6450,6450,6600,6550,37704700
2023-08-23,6550,6525,6600,6550,27624900
2023-08-24,6550,6475,6600,6475,33278500
2023-08-25,6475,6400,6500,6450,35673300
2023-08-28,6500,6400,6500,6425,14871100
2023-08-29,6450,6375,6450,6400,29937800
2023-08-30,6450,6400,6525,6450,41993300
2023-08-31,6450,6400,6475,6450,44502000
2023-09-01,6475,6475,6575,6550,26069500
2023-09-04,6575,6525,6600,6600,17384000
2023-09-07,6475,6350,6500,6400,49921600
2023-09-08,6450,6350,6450,6400,32416900
2023-09-11,6400,6300,6425,6375,33422100
2023-09-12,6375,6300,6375,6300,30225600
2023-09-13,6325,6225,6325,6300,40040900
2023-09-14,6325,6250,6375,6325,40259300
2023-09-15,6250,6200,6325,6300,132198700
2023-09-18,6275,6250,6325,6300,35517300
2023-09-19,6300,6275,6375,6350,38423600
2023-09-20,6350,6300,6400,6300,39764900
2023-09-22,6200,6175,6275,6200,30610900
2023-09-25,6225,6200,6275,6250,32819900
2023-09-26,6225,6200,6300,6200,43217400
2023-09-27,6200,6125,6250,6150,31688400
2023-09-29,6250,6200,6275,6225,21186600
2023-10-02,6275,6250,6350,6275,23884400
2023-10-05,6125,6025,6175,6025,55924900
2023-10-06,6050,6050,6150,6075,18104300
2023-10-09,6150,6100,6225,6125,43718300
2023-10-10,6175,6050,6175,6050,42676400
2023-10-11,6075,6050,6125,6050,45959600
2023-10-12,6000,5950,6025,5950,71954600
2023-10-13,6000,5950,6025,5975,32794800
2023-10-16,5925,5825,5975,5850,63074100
2023-10-17,5875,5850,5925,5850,40295600
2023-10-18,5850,5825,6000,5825,176647800
2023-10-19,5825,5700,5850,5725,60258300
2023-10-20,5675,5650,5750,5700,65939200
2023-10-23,5725,5600,5750,5600,57516800
2023-10-25,5825,5775,5925,5775,51542400
2023-10-26,5775,5675,5800,5725,18969800
2023-10-27,5750,5725,5775,5725,35328800
2023-10-30,5750,5675,5825,5800,17820800
2023-10-31,5850,5775,5900,5775,46118000
2023-11-01,5900,5800,6000,5800,91836500
2023-11-02,5850,5800,5900,5800,46166200
2023-11-03,5850,5825,5925,5900,43395900
2023-11-06,5925,5900,5950,5925,29757300
2023-11-07,5925,5775,5950,5825,30298200
2023-11-08,5800,5675,5825,5725,38377800
2023-11-09,5775,5725,5825,5750,20420100
2023-11-10,5725,5725,5775,5775,15229800
2023-11-14,5675,5650,5725,5675,12066000
2023-11-15,5750,5700,5850,5750,34814300
2023-11-16,5750,5725,5825,5825,26801400
2023-11-17,5800,5700,5825,5700,27116700
2023-11-20,5725,5700,5850,5800,28396400
2023-11-21,5800,5750,5850,5775,17153300
2023-11-22,5775,5650,5775,5675,36329500
2023-11-23,5675,5675,5725,5700,43425400
2023-11-24,5700,5700,5750,5725,12536700
2023-11-27,5725,5600,5750,5625,63360900
2023-11-28,5675,5550,5675,5550,86907600
2023-11-29,5600,5525,5650,5525,75070800
2023-11-30,5575,5400,5575,5400,161684600
2023-12-01,5450,5450,5750,5750,145374400
2023-12-04,5750,5725,5825,5750,57591000
2023-12-05,5775,5675,5800,5725,25787200
2023-12-06,5700,5700,5825,5725,41363700
2023-12-07,5750,5600,5750,5675,40599000
2023-12-08,5675,5625,5700,5675,26972000
2023-12-11,5650,5525,5675,5600,39510200
2023-12-12,5675,5550,5675,5575,19272900
2023-12-13,5550,5525,5600,5525,31196600
2023-12-14,5600,5575,5650,5625,72009500
2023-12-15,5625,5600,5700,5650,93580400
2023-12-18,5650,5550,5650,5600,39134200
2023-12-19,5625,5600,5650,5625,43014200
2023-12-20,5650,5625,5700,5625,27178500
2023-12-21,5600,5475,5600,5550,114749900
2023-12-22,5550,5500,5600,5550,38055800
2023-12-27,5550,5500,5575,5550,36424300
2023-12-28,5575,5550,5600,5600,31643200
2023-12-29,5600,5575,5675,5650,36245000
2024-01-03,5700,5600,5700,5600,37187300
2024-01-04,5600,5600,5750,5700,59398200
2024-01-05,5725,5625,5750,5625,39167600
2024-01-08,5625,5550,5675,5575,39614600
2024-01-09,5600,5525,5600,5575,36777600
2024-01-10,5500,5450,5575,5525,75423900
2024-01-11,5550,5525,5625,5550,44793000
2024-01-12,5550,5550,5625,5600,28821000
2024-01-15,5600,5500,5625,5525,79938500
2024-01-16,5525,5475,5525,5500,44840900
2024-01-17,5500,5350,5525,5400,114587100
2024-01-18,5400,5325,5400,5375,71517600
2024-01-19,5375,5300,5400,5350,52865000
2024-01-22,5350,5225,5425,5225,169967200
2024-01-23,5150,5075,5200,5125,176612600
2024-01-24,5150,4980,5175,5075,246293300
2024-01-25,5075,5025,5150,5050,81025300
2024-01-26,5050,4990,5075,5075,71861600
2024-01-29,5075,4910,5075,4930,132819200
2024-01-30,4920,4900,5175,5100,165693200
2024-01-31,5125,5050,5150,5125,79343600
2024-02-01,5100,5075,5175,5125,55484400
2024-02-02,5150,5125,5325,5325,104840200
2024-02-05,5325,5150,5350,5175,88826000
2024-02-06,5175,5150,5275,5250,46257400
2024-02-07,5250,5250,5325,5325,68965200
2024-02-12,5300,5225,5350,5300,85846800
2024-02-13,5300,5150,5300,5200,63689100
2024-02-15,5325,5075,5325,5125,124120800
2024-02-16,5125,5100,5200,5200,75502700
2024-02-19,5200,5075,5250,5125,89709800
2024-02-20,5125,5125,5250,5200,41623800
2024-02-21,5200,5175,5300,5250,68379100
2024-02-22,5275,5275,5300,5275,41938600
2024-02-25,5250,5100,5275,5125,81214600
2024-02-26,5150,5075,5200,5125,56876900
2024-02-27,5125,5050,5175,5175,46555200
2024-02-28,5325,5200,5425,5225,225198600
2024-02-29,5250,5200,5300,5225,86124800
2024-03-01,5225,5150,5275,5225,64835200
2024-03-04,5250,5175,5275,5200,57118400
2024-03-05,5225,5100,5225,5100,53172900
2024-03-06,5125,5100,5200,5175,29210000
2024-03-07,5175,5100,5200,5125,55244400
2024-03-08,5150,5125,5175,5150,39983000
2024-03-13,5150,5125,5200,5150,63672300
2024-03-14,5175,5150,5300,5275,79465800
2024-03-15,5300,5175,5300,5175,164222200
2024-03-18,5200,5150,5250,5150,50943600
2024-03-19,5150,5150,5250,5225,48398600
2024-03-20,5225,5225,5275,5275,56191300
2024-03-21,5300,5275,5400,5350,67351800
2024-03-22,5375,5325,5375,5375,55094700
2024-03-25,5375,5325,5425,5350,39759600
2024-03-26,5350,5250,5375,5300,57175300
2024-03-27,5300,5250,5325,5275,47174800
2024-03-28,5275,5100,5275,5150,107123600
2024-04-01,5175,5150,5225,5200,42828200
2024-04-02,5225,5175,5275,5275,41029100
2024-04-03,5275,5200,5275,5250,39260600
2024-04-04,5250,5150,5250,5175,48410800
2024-04-16,5175,5100,5225,5100,137258300
2024-04-17,5150,5100,5175,5125,47211000
2024-04-18,5150,5050,5150,5100,81583700
2024-04-19,5050,4870,5075,4900,185008500
2024-04-22,4940,4940,4990,4950,57689200
2024-04-23,4990,4990,5075,5025,49485100
2024-04-24,5000,4910,5050,4910,65796800
2024-04-25,4910,4910,4980,4950,52139300
2024-04-26,4980,4880,4980,4880,70877700
2024-04-29,4920,4900,5050,5025,68303100
2024-04-30,5050,4980,5225,5150,142632100
2024-05-02,5225,5175,5275,5175,100889100
2024-05-03,5225,5200,5250,5225,44296500
2024-05-06,5250,5075,5250,5100,70400000
2024-05-07,5100,5025,5125,5050,58780600
2024-05-08,5075,5000,5150,5125,86738900
2024-05-13,5150,5075,5175,5075,143316000
2024-05-14,4680,4580,4690,4580,264535600
2024-05-15,4570,4530,4620,4530,109962400
2024-05-16,4590,4540,4720,4710,149039700
2024-05-20,4800,4730,4830,4740,58021800
2024-05-21,4750,4700,4770,4700,57577000
2024-05-22,4720,4700,4730,4710,25932300
2024-05-27,4700,4550,4720,4550,86050000
2024-05-28,4560,4510,4600,4510,42542400
2024-05-29,4800,4370,4800,4460,148814900
2024-05-30,4450,4310,4450,4320,112636300
2024-05-31,4340,4290,4370,4290,144592700
2024-06-03,4330,4330,4530,4500,77444200
2024-06-04,4510,4480,4630,4580,92676800
2024-06-05,4560,4550,4640,4600,69544300
2024-06-06,4620,4530,4620,4560,43632400
2024-06-07,4550,4530,4570,4560,34027900
2024-06-10,4560,4500,4560,4510,19932200
2024-06-12,4350,4290,4410,4360,65665400
2024-06-13,4410,4400,4480,4460,55824400
2024-06-14,4480,4410,4530,4420,57967500
